Series Name,Series Code,Country Name,Country Code,1992 [YR1992],1993 [YR1993],1994 [YR1994],1995 [YR1995],1996 [YR1996],1997 [YR1997],1998 [YR1998],1999 [YR1999],2000 [YR2000],2001 [YR2001],2002 [YR2002],2003 [YR2003],2004 [YR2004],2005 [YR2005],2006 [YR2006],2007 [YR2007],2008 [YR2008],2009 [YR2009],2010 [YR2010],2011 [YR2011],2012 [YR2012],2013 [YR2013],2014 [YR2014]
CO2 emissions (kt),EN.ATM.CO2E.KT,Afghanistan,AFG,1393.46,1345.789,1294.451,1243.113,1177.107,1096.433,1041.428,821.408,773.737,817.741,1070.764,1195.442,949.753,1327.454,1650.15,2273.54,4206.049,6769.282,8463.436,12240.446,10755.311,10014.577,9809.225
CO2 emissions (kt),EN.ATM.CO2E.KT,Albania,ALB,2515.562,2335.879,1925.175,2086.523,2016.85,1543.807,1752.826,2984.938,3021.608,3223.293,3751.341,4294.057,4165.712,4253.72,3898.021,3927.357,4374.731,4378.398,4598.418,5240.143,4910.113,5064.127,5716.853
CO2 emissions (kt),EN.ATM.CO2E.KT,Algeria,DZA,80138.618,82210.473,86416.522,95294.329,97098.493,87340.606,106999.393,92045.367,87861.32,84219.989,89907.506,91575.991,88510.379,107278.085,101069.854,109404.945,110208.018,121399.702,119177.5,121187.016,129987.816,134465.223,145400.217
CO2 emissions (kt),EN.ATM.CO2E.KT,American Samoa,ASM,..,..,..,..,..,..,..,..,..,..,..,..,..,..,..,..,..,..,..,..,..,..,..
CO2 emissions (kt),EN.ATM.CO2E.KT,Andorra,AND,407.037,410.704,407.037,425.372,454.708,465.709,491.378,513.38,524.381,524.381,531.715,535.382,561.051,575.719,546.383,539.049,539.049,517.047,517.047,491.378,487.711,476.71,462.042
CO2 emissions (kt),EN.ATM.CO2E.KT,Angola,AGO,5196.139,5775.525,3890.687,10975.331,10458.284,7381.671,7308.331,9156.499,9541.534,9732.218,12665.818,9064.824,18793.375,19156.408,22266.024,25151.953,25709.337,27792.193,29057.308,30340.758,33399.036,32617.965,34763.16
CO2 emissions (kt),EN.ATM.CO2E.KT,Antigua and Barbuda,ATG,264.024,271.358,267.691,275.025,293.36,308.028,319.029,330.03,344.698,348.365,370.367,403.37,421.705,429.039,443.707,469.376,480.377,509.713,524.381,513.38,524.381,524.381,531.715
CO2 emissions (kt),EN.ATM.CO2E.KT,Argentina,ARG,121352.031,117927.053,122408.127,127963.632,135000.605,138003.878,139815.376,146984.361,142136.587,133720.822,124714.67,135062.944,157589.325,162110.736,175436.614,175176.257,189107.19,179961.692,187919.082,191633.753,192356.152,189851.591,204024.546
CO2 emissions (kt),EN.ATM.CO2E.KT,Armenia,ARM,5826.863,2555.899,2706.246,3410.31,2563.233,3234.294,3362.639,3014.274,3465.315,3542.322,3043.61,3428.645,3644.998,4352.729,4382.065,5064.127,5559.172,4360.063,4217.05,4917.447,5694.851,5496.833,5529.836
CO2 emissions (kt),EN.ATM.CO2E.KT,Aruba,ABW,1463.133,1595.145,1613.48,1668.485,1690.487,1745.492,1796.83,1807.831,2379.883,2409.219,2438.555,2563.233,2618.238,2720.914,2717.247,2823.59,2658.575,2629.239,2508.228,2500.894,1349.456,861.745,872.746
CO2 emissions (kt),EN.ATM.CO2E.KT,Australia,AUS,267984.36,277397.549,278119.948,281860.288,302164.467,305794.797,316883.805,325343.574,329443.28,324844.862,341353.696,336271.234,342699.485,350172.831,365346.877,372090.49,385904.079,394792.887,390861.863,391818.95,388126.281,372266.506,361261.839
CO2 emissions (kt),EN.ATM.CO2E.KT,Austria,AUT,56658.817,57102.524,57054.853,59783.101,63178.743,62658.029,63662.787,61869.624,62283.995,65888.656,67073.097,72195.896,72390.247,74216.413,72162.893,69735.339,69027.608,62731.369,67502.136,65019.577,62272.994,62485.68,58712.337
CO2 emissions (kt),EN.ATM.CO2E.KT,Azerbaijan,AZE,56240.779,48452.071,41976.149,33333.03,31257.508,29809.043,31675.546,28576.931,29508.349,28771.282,29614.692,30615.783,32089.917,34337.788,39167.227,30509.44,35503.894,31902.9,30678.122,33446.707,35555.232,35643.24,37487.741
CO2 emissions (kt),EN.ATM.CO2E.KT,"Bahamas, The",BHS,1793.163,1701.488,1686.82,1683.153,1668.485,1364.124,1679.486,1675.819,1668.485,1569.476,1576.81,1518.138,1723.49,1741.825,1664.818,1690.487,1496.136,1642.816,1653.817,1866.503,1969.179,2801.588,2416.553
CO2 emissions (kt),EN.ATM.CO2E.KT,Bahrain,BHR,10901.991,14642.331,14789.011,14818.347,15621.42,17319.241,18404.673,18019.638,18643.028,13927.266,15698.427,16468.497,17509.925,19207.746,18830.045,26846.107,29768.706,28217.565,29266.327,28650.271,26673.758,31312.513,31338.182
CO2 emissions (kt),EN.ATM.CO2E.KT,Bangladesh,BGD,17748.28,17407.249,18969.391,22816.074,24029.851,25063.945,24048.186,25236.294,27869.2,32456.617,33707.064,35672.576,37704.094,39478.922,43541.958,44381.701,49511.834,53736.218,59937.115,63413.431,67505.803,69709.67,73189.653
CO2 emissions (kt),EN.ATM.CO2E.KT,Barbados,BRB,979.089,1114.768,748.068,828.742,850.744,902.082,1140.437,1210.11,1188.108,1221.111,1228.445,1268.782,1294.451,1353.123,1371.458,1364.124,1620.814,1617.147,1477.801,1529.139,1470.467,1448.465,1272.449
CO2 emissions (kt),EN.ATM.CO2E.KT,Belarus,BLR,87417.613,76768.645,65056.247,60773.191,60164.469,59555.747,58099.948,56112.434,53787.556,52760.796,52405.097,53530.866,58158.62,59167.045,62071.309,60523.835,63105.403,61220.565,63043.064,64062.49,63222.747,63769.13,63497.772
CO2 emissions (kt),EN.ATM.CO2E.KT,Belgium,BEL,111968.178,107652.119,112334.878,112327.544,118059.065,115341.818,118374.427,114260.053,115118.131,114527.744,107311.088,112914.264,111102.766,108510.197,107072.733,103545.079,104443.494,99863.411,110824.074,99944.085,95107.312,96970.148,93350.819
CO2 emissions (kt),EN.ATM.CO2E.KT,Belize,BLZ,355.699,377.701,374.034,377.701,308.028,388.702,370.367,348.365,396.036,447.374,432.706,432.706,392.369,421.705,443.707,476.71,436.373,586.72,539.049,601.388,476.71,513.38,495.045
CO2 emissions (kt),EN.ATM.CO2E.KT,Benin,BEN,898.415,1133.103,1265.115,1327.454,1265.115,1217.444,1213.777,1562.142,1598.812,1815.165,2079.189,2354.214,2508.228,2394.551,3872.352,4495.742,4411.401,4660.757,5089.796,5295.148,5471.164,5812.195,6318.241
CO2 emissions (kt),EN.ATM.CO2E.KT,Bermuda,BMU,462.042,539.049,531.715,531.715,528.048,524.381,520.714,513.38,517.047,528.048,557.384,561.051,583.053,583.053,652.726,729.733,649.059,476.71,608.722,443.707,476.71,458.375,575.719
CO2 emissions (kt),EN.ATM.CO2E.KT,Bhutan,BTN,216.353,183.35,212.686,249.356,300.694,392.369,381.368,385.035,396.036,385.035,418.038,377.701,308.028,396.036,392.369,392.369,421.705,388.702,487.711,733.4,817.741,920.417,1001.091
CO2 emissions (kt),EN.ATM.CO2E.KT,Bolivia,BOL,6655.605,7829.045,8635.785,9849.562,9827.56,10942.328,10989.999,10443.616,11067.006,8621.117,10395.945,11092.675,11114.677,12185.441,15056.702,12332.121,13237.87,13989.605,15203.382,16145.801,18793.375,18918.053,20410.522
CO2 emissions (kt),EN.ATM.CO2E.KT,Bosnia and Herzegovina,BIH,15053.035,12603.479,3230.627,3428.645,4257.387,8393.763,10593.963,10377.61,13787.92,13362.548,14301.3,14488.317,15610.419,16204.473,17564.93,17652.938,20153.832,20703.882,21275.934,23886.838,22258.69,21921.326,22233.021
CO2 emissions (kt),EN.ATM.CO2E.KT,Botswana,BWA,2779.586,3197.624,3032.609,3047.277,2757.584,2801.588,3344.304,3160.954,3780.677,3850.35,3978.695,3828.348,3898.021,4096.039,4136.376,4231.718,4506.743,3762.342,4686.426,4176.713,4231.718,5229.142,7033.306
CO2 emissions (kt),EN.ATM.CO2E.KT,Brazil,BRA,220705.729,230738.641,242154.012,258347.484,284782.887,300547.32,312289.054,320173.104,327983.814,337433.673,332266.87,321621.569,337826.042,347308.904,347668.27,363212.683,387631.236,367147.374,419754.156,439412.943,470028.726,503677.118,529808.16
CO2 emissions (kt),EN.ATM.CO2E.KT,British Virgin Islands,VGB,69.673,73.34,80.674,84.341,95.342,99.009,102.676,102.676,102.676,106.343,113.677,121.011,124.678,132.012,143.013,150.347,161.348,165.015,172.349,176.016,176.016,176.016,179.683
CO2 emissions (kt),EN.ATM.CO2E.KT,Brunei Darussalam,BRN,5214.474,4968.785,4693.76,4789.102,4869.776,5060.46,5269.479,3909.022,4712.095,4506.743,4378.398,4591.084,4998.121,5005.455,4862.442,8415.765,9119.829,7862.048,8203.079,9695.548,9666.212,7803.376,9108.828
CO2 emissions (kt),EN.ATM.CO2E.KT,Bulgaria,BGR,54205.594,67861.502,54161.59,58004.606,56559.808,51616.692,48998.454,43981.998,43530.957,46453.556,44634.724,47307.967,46801.921,47916.689,48991.12,52254.75,50740.279,42665.545,44114.01,49346.819,44708.064,39599.933,42416.189
CO2 emissions (kt),EN.ATM.CO2E.KT,Burkina Faso,BFA,630.724,627.057,645.392,627.057,707.731,806.74,861.745,931.418,1041.428,997.424,1004.758,1078.098,1103.767,1125.769,1360.457,1646.483,1917.841,1932.509,1961.845,2211.201,2629.239,3058.278,2849.259
CO2 emissions (kt),EN.ATM.CO2E.KT,Burundi,BDI,216.353,227.354,234.688,238.355,242.022,249.356,249.356,253.023,271.358,205.352,212.686,161.348,198.018,154.014,187.017,187.017,190.684,190.684,212.686,242.022,282.359,289.693,440.04
CO2 emissions (kt),EN.ATM.CO2E.KT,Cabo Verde,CPV,106.343,110.01,113.677,121.011,143.013,146.68,157.681,183.35,216.353,234.688,275.025,308.028,330.03,440.04,473.043,506.046,469.376,524.381,557.384,616.056,506.046,498.712,491.378
CO2 emissions (kt),EN.ATM.CO2E.KT,Cambodia,KHM,1349.456,1386.126,1477.801,1551.141,1617.147,1540.14,1950.844,1895.839,1976.513,2251.538,2207.534,2379.883,2445.889,2775.919,2999.606,3465.315,3898.021,4653.423,5012.789,5207.14,5456.496,5603.176,6684.941
CO2 emissions (kt),EN.ATM.CO2E.KT,Cameroon,CMR,3788.011,3898.021,3817.347,4228.051,4462.739,3215.959,3208.625,3080.28,3432.312,3421.311,3417.644,3795.345,3956.693,3696.336,3861.351,5834.197,5544.504,6725.278,6780.283,5768.191,6127.557,6772.949,7003.97
CO2 emissions (kt),EN.ATM.CO2E.KT,Canada,CAN,440978.752,445580.837,456849.528,467637.842,479419.913,495294.356,506533.711,515389.516,534380.909,527926.989,519335.208,553100.944,552198.862,557417.003,543819.767,554355.058,561028.998,536764.459,534670.602,537112.824,517457.704,517160.677,537193.498
CO2 emissions (kt),EN.ATM.CO2E.KT,Cayman Islands,CYM,311.695,330.03,363.033,363.033,385.035,407.037,429.039,429.039,465.709,469.376,487.711,495.045,462.042,473.043,484.044,572.052,583.053,557.384,557.384,586.72,535.382,535.382,542.716
CO2 emissions (kt),EN.ATM.CO2E.KT,Central African Republic,CAF,216.353,223.687,234.688,234.688,234.688,245.689,249.356,264.024,267.691,245.689,245.689,234.688,234.688,234.688,249.356,253.023,253.023,253.023,264.024,278.692,293.36,297.027,300.694
CO2 emissions (kt),EN.ATM.CO2E.KT,Chad,TCD,84.341,91.675,102.676,110.01,124.678,143.013,150.347,161.348,176.016,172.349,168.682,381.368,377.701,399.703,407.037,462.042,509.713,491.378,517.047,539.049,612.389,700.397,729.733
CO2 emissions (kt),EN.ATM.CO2E.KT,Channel Islands,CHI,..,..,..,..,..,..,..,..,..,..,..,..,..,..,..,..,..,..,..,..,..,..,..
CO2 emissions (kt),EN.ATM.CO2E.KT,Chile,CHL,32474.952,34627.481,38103.797,41745.128,48499.742,56394.793,57641.573,61502.924,58815.013,53340.182,55162.681,55602.721,59775.767,61818.286,64814.225,71638.512,71851.198,66805.406,72250.901,79243.87,80974.694,83226.232,82562.505
CO2 emissions (kt),EN.ATM.CO2E.KT,China,CHN,2690455.898,2878694.009,3058241.33,3320285.15,3463089.131,3469510.048,3324344.519,3318055.614,3405179.867,3487566.356,3850269.326,4540417.061,5233538.733,5896957.705,6529291.518,7030797.772,7553070.247,8001008.965,8776040.416,9733538.12,10028573.939,10258007.128,10291926.878
CO2 emissions (kt),EN.ATM.CO2E.KT,Colombia,COL,62049.307,64022.153,67571.809,59614.419,60527.502,64909.567,65976.664,56512.137,57923.932,56273.782,55661.393,57421.553,55071.006,60945.54,62940.388,62430.675,68088.856,72661.605,76174.591,76530.29,79951.601,89625.147,84091.644
CO2 emissions (kt),EN.ATM.CO2E.KT,Comoros,COM,66.006,69.673,69.673,73.34,77.007,80.674,88.008,91.675,102.676,102.676,102.676,132.012,143.013,139.346,161.348,102.676,106.343,132.012,161.348,135.679,143.013,176.016,154.014
CO2 emissions (kt),EN.ATM.CO2E.KT,"Congo, Dem. Rep.",COD,2816.256,2592.569,1639.149,2123.193,2317.544,1899.506,1668.485,1382.459,814.074,836.076,927.751,986.423,1199.109,1499.803,1609.813,1756.493,1859.169,1749.159,2020.517,2493.56,2401.885,3589.993,4671.758
CO2 emissions (kt),EN.ATM.CO2E.KT,"Congo, Rep.",COG,1279.783,1320.12,2148.862,1565.809,1716.156,2343.213,777.404,821.408,1048.762,766.403,575.719,916.75,949.753,982.756,1118.435,1213.777,1309.119,1745.492,1980.18,2258.872,2970.27,3087.614,3094.948
CO2 emissions (kt),EN.ATM.CO2E.KT,Costa Rica,CRI,3791.678,3953.026,5269.479,4866.109,4748.765,4987.12,5317.15,5522.502,5474.831,5760.857,6325.575,6626.269,6930.63,6868.291,7099.312,8122.405,8129.739,7902.385,7568.688,7741.037,7766.706,7598.024,7759.372
CO2 emissions (kt),EN.ATM.CO2E.KT,Cote d'Ivoire,CIV,4099.706,5346.486,4686.426,6618.935,7840.046,7568.688,6912.295,6266.903,6791.284,7726.369,7286.329,5460.163,7664.03,7825.378,6996.636,6776.616,6776.616,5658.181,6967.3,7249.659,9295.845,10685.638,11045.004
CO2 emissions (kt),EN.ATM.CO2E.KT,Croatia,HRV,16417.159,16750.856,16490.499,16985.544,16956.208,18907.052,20153.832,19992.484,19339.758,20395.854,21473.952,22984.756,22376.034,22592.387,22607.055,23828.166,22592.387,21165.924,20172.167,19809.134,17993.969,17550.262,16842.531
CO2 emissions (kt),EN.ATM.CO2E.KT,Cuba,CUB,31294.178,29380.004,32247.598,25709.337,26996.454,24649.574,24499.227,25331.636,26083.371,25452.647,26090.705,25485.65,25005.273,26006.364,27407.158,26794.769,30443.434,29897.051,38375.155,35987.938,36156.62,34799.83,34836.5
CO2 emissions (kt),EN.ATM.CO2E.KT,Curacao,CUW,..,..,..,..,..,..,..,..,..,..,..,..,..,..,..,..,..,..,..,..,5999.212,5214.474,5881.868
CO2 emissions (kt),EN.ATM.CO2E.KT,Cyprus,CYP,5181.471,5449.162,5643.513,5383.156,5936.873,5859.866,6406.249,6376.913,6930.63,6846.289,7022.305,7748.371,7334,7502.682,7788.708,8195.745,8577.113,8111.404,7708.034,7425.675,6919.629,5947.874,6061.551
CO2 emissions (kt),EN.ATM.CO2E.KT,Czech Republic,CZE,138176.227,132631.723,125734.096,123830.923,125378.397,127413.582,122543.806,111975.512,123849.258,123720.913,119749.552,122059.762,116775.615,120108.918,122107.433,123302.875,116658.271,107659.453,111579.476,106907.718,101029.517,98675.303,96475.103
CO2 emissions (kt),EN.ATM.CO2E.KT,Denmark,DNK,54322.938,57065.854,61000.545,57172.197,72181.228,61557.929,59552.08,55148.013,51330.666,52918.477,52049.398,55998.757,50600.933,47095.281,54986.665,50256.235,46933.933,44510.046,46640.573,40645.028,36427.978,38532.836,33498.045
CO2 emissions (kt),EN.ATM.CO2E.KT,Djibouti,DJI,311.695,311.695,304.361,304.361,311.695,326.363,315.362,315.362,341.031,366.7,399.703,421.705,407.037,414.371,410.704,462.042,498.712,462.042,517.047,473.043,517.047,608.722,722.399
CO2 emissions (kt),EN.ATM.CO2E.KT,Dominica,DMA,58.672,62.339,66.006,80.674,73.34,80.674,77.007,80.674,102.676,110.01,102.676,117.344,113.677,117.344,113.677,154.014,132.012,132.012,139.346,128.345,135.679,132.012,135.679
CO2 emissions (kt),EN.ATM.CO2E.KT,Dominican Republic,DOM,10923.993,11763.736,12475.134,15885.444,17326.575,18001.303,18397.339,18562.354,19790.799,19816.468,21330.939,21514.289,18309.331,18639.361,19783.465,21173.258,20711.216,20227.172,21022.911,21228.263,22123.011,21440.949,21539.958
CO2 emissions (kt),EN.ATM.CO2E.KT,Ecuador,ECU,22280.692,24205.867,13652.241,22841.743,24191.199,18360.669,22460.375,21495.954,20718.55,23116.768,24950.268,26967.118,29046.307,30263.751,28859.29,31888.232,33868.412,36068.612,36460.981,38609.843,38140.467,40997.06,43919.659
CO2 emissions (kt),EN.ATM.CO2E.KT,"Egypt, Arab Rep.",EGY,81264.387,93156.468,85312.755,95723.368,102030.608,108202.169,122243.112,125393.065,141326.18,125451.737,127193.562,147963.45,150911.718,167207.866,178586.567,189092.522,198586.385,206734.459,202715.427,217163.407,217068.065,213412.066,201894.019
CO2 emissions (kt),EN.ATM.CO2E.KT,El Salvador,SLV,3318.635,3795.345,4594.751,5027.457,4569.082,5474.831,5812.195,5698.518,5742.522,5947.874,6039.549,6552.929,6365.912,6453.92,6846.289,6978.301,6545.595,6442.919,6457.587,6648.271,6662.939,6230.233,6285.238
CO2 emissions (kt),EN.ATM.CO2E.KT,Equatorial Guinea,GNQ,157.681,99.009,33.003,128.345,113.677,289.693,165.015,465.709,454.708,3094.948,4979.786,6017.547,5218.141,4712.095,4756.099,4796.436,4503.076,4620.42,4679.092,6127.557,5115.465,5163.136,5346.486
CO2 emissions (kt),EN.ATM.CO2E.KT,Eritrea,ERI,..,..,865.412,935.085,1012.092,865.412,590.387,619.723,608.722,630.724,605.055,726.066,770.07,766.403,561.051,579.386,414.371,513.38,513.38,594.054,660.06,667.394,696.73
CO2 emissions (kt),EN.ATM.CO2E.KT,Estonia,EST,23879.504,19508.44,19042.731,17520.926,18349.668,18107.646,16310.816,15159.378,14858.684,15570.082,14888.02,17124.89,17282.571,16754.523,16175.137,18709.034,17491.59,14565.324,18107.646,18606.358,17623.602,19893.475,19519.441
CO2 emissions (kt),EN.ATM.CO2E.KT,Eswatini,SWZ,264.024,132.012,484.044,454.708,341.031,1202.776,1213.777,1239.446,1188.108,1144.104,1125.769,1041.428,1030.427,1019.426,1015.759,1063.43,1096.433,1045.095,1037.761,1048.762,1206.443,1089.099,1202.776
CO2 emissions (kt),EN.ATM.CO2E.KT,Ethiopia,ETH,2966.603,3028.942,2240.537,2563.233,2860.26,3050.944,3219.626,3157.287,3549.656,4352.729,4521.411,4987.12,5295.148,5119.132,5504.167,6013.88,6578.598,6629.936,6585.932,7726.369,8562.445,10634.3,11598.721
CO2 emissions (kt),EN.ATM.CO2E.KT,Faeroe Islands,FRO,649.059,583.053,575.719,572.052,601.388,590.387,623.39,630.724,689.396,762.736,726.066,733.4,748.068,722.399,678.395,689.396,630.724,575.719,630.724,568.385,590.387,678.395,597.721
CO2 emissions (kt),EN.ATM.CO2E.KT,Fiji,FJI,748.068,751.735,748.068,762.736,821.408,792.072,770.07,784.738,843.41,1056.096,891.081,1048.762,1353.123,1096.433,1217.444,1158.772,894.748,792.072,1221.111,1089.099,1059.763,1151.438,1169.773
CO2 emissions (kt),EN.ATM.CO2E.KT,Finland,FIN,47472.982,50402.915,57223.535,52713.125,61282.904,59933.448,56988.847,55423.038,52427.099,57051.186,61682.607,69130.284,67091.432,54645.634,66200.351,63985.483,56519.471,53149.498,62082.31,56816.498,49134.133,47219.959,47300.633
CO2 emissions (kt),EN.ATM.CO2E.KT,France,FRA,365893.26,359916.05,338119.402,349160.739,375306.449,351562.624,377444.31,368918.535,362226.26,377535.985,375075.428,380689.605,383758.884,385368.697,375764.824,369142.222,366325.966,351899.988,353033.091,331804.828,333227.624,334096.703,303275.568
CO2 emissions (kt),EN.ATM.CO2E.KT,French Polynesia,PYF,414.371,425.372,440.04,429.039,432.706,451.041,447.374,495.045,568.385,678.395,707.731,770.07,762.736,821.408,825.075,817.741,843.41,847.077,858.078,832.409,814.074,821.408,803.073
CO2 emissions (kt),EN.ATM.CO2E.KT,Gabon,GAB,4932.115,4990.787,4389.399,4624.087,4774.434,4796.436,4979.786,4807.437,4693.76,4800.103,4572.749,4642.422,4686.426,4888.111,4173.046,4118.041,4173.046,4250.053,4811.104,4972.452,5104.464,5280.48,5192.472
CO2 emissions (kt),EN.ATM.CO2E.KT,"Gambia, The",GMB,179.683,187.017,187.017,198.018,198.018,198.018,212.686,231.021,245.689,253.023,289.693,289.693,293.36,293.36,308.028,352.032,366.7,381.368,432.706,447.374,454.708,432.706,513.38
CO2 emissions (kt),EN.ATM.CO2E.KT,Georgia,GEO,15335.394,9952.238,6083.553,2302.876,4066.703,4437.07,4961.451,4345.395,4536.079,3769.676,3388.308,3773.343,4323.393,5067.794,6149.559,6420.917,5166.803,6241.234,6314.574,7972.058,8441.434,7858.381,8987.817
CO2 emissions (kt),EN.ATM.CO2E.KT,Germany,DEU,891975.748,877645.112,865558.68,864110.215,889614.2,862276.715,855364.42,822460.429,829977.779,853662.932,829724.756,822812.461,816802.248,797180.131,816472.218,780546.619,780564.954,722263.321,758859.981,732497.918,739861.254,757312.507,719883.438
CO2 emissions (kt),EN.ATM.CO2E.KT,Ghana,GHA,3982.362,4547.08,4954.117,5276.813,5610.51,6365.912,6402.582,6549.262,6288.905,6919.629,7422.008,7631.027,7348.668,6992.969,9358.184,9827.56,9138.164,7708.034,9955.905,9831.227,11877.413,14620.329,14466.315
CO2 emissions (kt),EN.ATM.CO2E.KT,Gibraltar,GIB,234.688,238.355,282.359,275.025,282.359,293.36,308.028,319.029,333.697,344.698,348.365,355.699,385.035,399.703,418.038,414.371,425.372,462.042,465.709,451.041,462.042,491.378,528.048
CO2 emissions (kt),EN.ATM.CO2E.KT,Greece,GRC,75499.863,75712.549,77909.082,78781.828,80241.294,83717.61,87751.31,86636.542,91616.328,93805.527,93669.848,95738.036,97149.831,98675.303,97285.51,98246.264,95965.39,91942.691,83856.956,79841.591,80043.276,69482.316,67318.786
CO2 emissions (kt),EN.ATM.CO2E.KT,Greenland,GRL,480.377,498.712,502.379,502.379,517.047,520.714,528.048,539.049,531.715,539.049,539.049,531.715,583.053,608.722,627.057,638.058,660.06,575.719,663.727,707.731,568.385,553.717,506.046
CO2 emissions (kt),EN.ATM.CO2E.KT,Grenada,GRD,117.344,121.011,143.013,150.347,154.014,168.682,176.016,194.351,190.684,194.351,205.352,216.353,205.352,216.353,231.021,238.355,253.023,253.023,260.357,253.023,271.358,304.361,242.022
CO2 emissions (kt),EN.ATM.CO2E.KT,Guam,GUM,..,..,..,..,..,..,..,..,..,..,..,..,..,..,..,..,..,..,..,..,..,..,..
CO2 emissions (kt),EN.ATM.CO2E.KT,Guatemala,GTM,6017.547,5658.181,6838.955,7165.318,6651.938,7598.024,8753.129,8929.145,9915.568,10626.966,11096.342,10828.651,11620.723,12570.476,12647.483,12625.481,11430.039,11851.744,11664.727,11837.076,11972.755,13633.906,18327.666
CO2 emissions (kt),EN.ATM.CO2E.KT,Guinea,GIN,1059.763,1089.099,1250.447,1290.784,1364.124,1419.129,1503.47,1580.477,1642.816,1719.823,1804.164,1881.171,1943.51,1826.166,1892.172,1969.179,2189.199,2262.539,2603.57,2779.586,2581.568,2299.209,2449.556
CO2 emissions (kt),EN.ATM.CO2E.KT,Guinea-Bissau,GNB,179.683,183.35,183.35,183.35,183.35,201.685,172.349,194.351,146.68,150.347,154.014,194.351,201.685,212.686,216.353,231.021,227.354,234.688,238.355,245.689,253.023,256.69,271.358
CO2 emissions (kt),EN.ATM.CO2E.KT,Guyana,GUY,1045.095,1045.095,1386.126,1463.133,1518.138,1591.478,1657.484,1679.486,1609.813,1595.145,1580.477,1565.809,1628.148,1437.464,1290.784,1562.142,1558.475,1565.809,1719.823,1782.162,1994.848,1936.176,2009.516
CO2 emissions (kt),EN.ATM.CO2E.KT,Haiti,HTI,909.416,663.727,300.694,902.082,1034.094,1367.791,1232.112,1331.121,1367.791,1569.476,1826.166,1734.491,1987.514,2075.522,2112.192,2390.884,2398.218,2269.873,2126.86,2218.535,2313.877,2405.552,2860.26
CO2 emissions (kt),EN.ATM.CO2E.KT,Honduras,HND,3076.613,2849.259,3336.97,3879.686,3960.36,4158.378,4649.756,4741.431,5031.124,5713.186,6090.887,6769.282,7367.003,7554.02,7007.637,8778.798,8672.455,7873.049,7975.725,8954.814,8984.15,9064.824,9471.861
CO2 emissions (kt),EN.ATM.CO2E.KT,"Hong Kong SAR, China",HKG,33094.675,34964.845,31283.177,31470.194,29123.314,30703.791,39101.221,42716.883,40439.676,37957.117,39636.603,43358.608,41708.458,43871.988,42056.823,43721.641,43978.331,42148.498,40678.031,43794.981,43424.614,45005.091,46222.535
CO2 emissions (kt),EN.ATM.CO2E.KT,Hungary,HUN,60395.49,61917.295,58884.686,60369.821,62063.975,60886.868,59163.378,58800.345,55826.408,56977.846,56064.763,59053.368,57458.223,58019.274,57388.55,56035.427,54843.652,48510.743,50223.232,47843.349,44583.386,42141.164,42086.159
CO2 emissions (kt),EN.ATM.CO2E.KT,Iceland,ISL,1818.832,1976.513,2009.516,1947.177,2211.201,2104.858,2101.191,2068.188,2163.53,2101.191,2170.864,2167.197,2244.204,2229.536,2299.209,2310.21,2119.526,2053.52,1961.845,1881.171,1800.497,1899.506,1983.847
CO2 emissions (kt),EN.ATM.CO2E.KT,India,IND,699087.881,723697.118,764730.848,811562.105,882324.204,917685.085,936221.77,995766.516,1031853.463,1041152.975,1054258.833,1099597.621,1154320.262,1222563.132,1303717.509,1407607.286,1568379.567,1738645.711,1719690.988,1841776.419,2018503.817,2034752.294,2238377.137
CO2 emissions (kt),EN.ATM.CO2E.KT,Indonesia,IDN,202576.081,218600.871,221413.46,224941.114,253290.691,278658.997,214200.471,241988.997,263418.945,294907.474,306737.216,316792.13,337635.358,341991.754,345119.705,375544.804,416560.199,446409.579,428760.308,603665.207,637078.911,490226.562,464176.194
CO2 emissions (kt),EN.ATM.CO2E.KT,"Iran, Islamic Rep.",IRN,228468.768,237214.563,265230.443,272942.144,276059.094,269293.479,308508.377,382339.755,372237.17,398437.885,401760.187,418437.703,447036.636,468807.615,509338.966,519324.207,541582.897,554278.051,573031.089,589055.879,611758.276,619778.005,649480.705
CO2 emissions (kt),EN.ATM.CO2E.KT,Iraq,IRQ,59112.04,63362.093,71334.151,74348.425,69500.651,68308.876,72371.912,72283.904,72445.252,85342.091,87259.932,91117.616,114084.037,113522.986,98770.645,62155.65,93149.134,104546.17,112195.532,134384.549,152723.216,165506.378,168443.645
CO2 emissions (kt),EN.ATM.CO2E.KT,Ireland,IRL,31033.821,31261.175,32672.97,32969.997,34906.173,36416.977,38554.838,40153.65,41228.081,44029.669,43413.613,42687.547,43761.978,43538.291,43160.59,44638.391,42999.242,40314.998,40054.641,35632.239,35591.902,34854.835,34066.43
CO2 emissions (kt),EN.ATM.CO2E.KT,Isle of Man,IMN,..,..,..,..,..,..,..,..,..,..,..,..,..,..,..,..,..,..,..,..,..,..,..
CO2 emissions (kt),EN.ATM.CO2E.KT,Israel,ISR,42790.223,45074.764,48400.733,51099.645,53098.16,55881.413,57095.19,55694.396,60259.811,63596.781,59812.437,62889.05,59020.365,56952.177,62471.012,63072.4,68264.872,64469.527,68880.928,69130.284,75529.199,67069.43,64601.539
CO2 emissions (kt),EN.ATM.CO2E.KT,Italy,ITA,420535.227,411917.777,407378.031,430483.798,425830.375,430487.465,440153.677,441998.178,450564.29,450347.937,452610.476,468349.24,473970.751,473384.031,469346.664,462676.391,447186.983,401591.505,405361.181,397994.178,369468.585,345317.723,320411.459
CO2 emissions (kt),EN.ATM.CO2E.KT,Jamaica,JAM,7715.368,8005.061,8195.745,9178.501,9702.882,10131.921,9717.55,9977.907,10307.937,10615.965,10241.931,10667.303,10670.97,10498.621,11496.045,9651.544,10208.928,7741.037,7297.33,7858.381,7462.345,8093.069,7422.008
CO2 emissions (kt),EN.ATM.CO2E.KT,Japan,JPN,1123847.492,1109887.223,1173315.322,1183447.243,1204690.174,1200788.486,1157829.581,1196516.431,1220527.947,1203377.388,1220047.57,1242093.574,1266009.748,1239255.316,1231495.944,1252229.162,1210135.669,1103869.676,1171624.835,1191074.603,1230168.49,1246515.976,1214048.358
CO2 emissions (kt),EN.ATM.CO2E.KT,Jordan,JOR,12266.115,12101.1,13633.906,13556.899,14187.623,14418.644,14543.322,14568.991,15507.743,16002.788,16886.535,17469.588,19240.749,21059.581,21121.92,22035.003,21349.274,21891.99,21180.592,21668.303,24444.222,24389.217,26450.071
CO2 emissions (kt),EN.ATM.CO2E.KT,Kazakhstan,KAZ,262043.82,217621.782,199983.512,169166.044,141535.199,129459.768,127321.907,116493.256,118099.402,131850.652,133735.49,142209.927,173053.064,177328.786,192631.177,222348.545,232806.829,213338.726,248549.26,259058.882,242971.753,262846.893,248314.572
CO2 emissions (kt),EN.ATM.CO2E.KT,Kenya,KEN,5540.837,6347.577,6556.596,7554.02,9328.848,8265.418,10036.579,10172.258,10417.947,9369.185,7968.391,6754.614,7623.693,8562.445,9574.537,9831.227,10241.931,12350.456,12174.44,13457.89,12515.471,13333.212,14286.632
CO2 emissions (kt),EN.ATM.CO2E.KT,Kiribati,KIR,25.669,29.336,29.336,29.336,33.003,25.669,29.336,29.336,29.336,25.669,40.337,40.337,44.004,62.339,69.673,51.338,55.005,40.337,62.339,62.339,62.339,62.339,62.339
CO2 emissions (kt),EN.ATM.CO2E.KT,"Korea, Dem. Rep.",PRK,..,..,..,..,..,..,59119.374,64531.866,69661.999,72225.232,69225.626,70751.098,72357.244,75573.203,76900.657,64227.505,71132.466,70677.758,66453.374,48034.033,49057.126,36009.94,40527.684
CO2 emissions (kt),EN.ATM.CO2E.KT,"Korea, Rep.",KOR,284280.508,321951.599,344037.94,374771.067,403780.704,430032.757,364833.497,399864.348,447561.017,450193.923,465631.993,466215.046,482276.506,462922.08,470655.783,495675.724,507589.807,508862.256,566716.515,589400.577,583966.083,592499.192,587156.373
CO2 emissions (kt),EN.ATM.CO2E.KT,Kosovo,XKX,..,..,..,..,..,..,..,..,..,..,..,..,..,..,..,..,..,..,..,..,..,..,..
CO2 emissions (kt),EN.ATM.CO2E.KT,Kuwait,KWT,21085.25,33274.358,38906.87,54821.65,50153.559,54920.659,51745.037,54022.244,53560.202,57641.573,58228.293,59922.447,63534.442,71546.837,73769.039,75235.839,82731.187,87303.936,89625.147,91029.608,102334.969,98345.273,95408.006
CO2 emissions (kt),EN.ATM.CO2E.KT,Kyrgyz Republic,KGZ,11217.353,8621.117,6226.566,4528.745,5694.851,5610.51,5955.208,4671.758,4635.088,3894.354,4957.784,5438.161,5874.534,5592.175,5507.834,6629.936,7660.363,6791.284,6384.247,7656.696,10131.921,9842.228,9607.54
CO2 emissions (kt),EN.ATM.CO2E.KT,Lao PDR,LAO,256.69,256.69,275.025,348.365,476.71,608.722,685.729,927.751,938.752,872.746,1151.438,1100.1,1393.46,1404.461,1551.141,909.416,946.086,1257.781,1639.149,1624.481,1697.821,1576.81,1954.511
CO2 emissions (kt),EN.ATM.CO2E.KT,Latvia,LVA,14143.619,12016.759,10912.992,9442.525,9149.165,8456.102,8063.733,6780.283,6351.244,6985.635,6912.295,7370.67,7403.673,7506.349,8012.395,8316.756,7902.385,7231.324,8074.734,7293.663,7062.642,7080.977,6974.634
CO2 emissions (kt),EN.ATM.CO2E.KT,Lebanon,LBN,10359.275,11683.062,12702.488,13578.901,13758.584,15647.089,16648.18,16490.499,15247.386,16171.47,16002.788,18180.986,16798.527,16208.14,14458.981,13461.557,17227.566,20872.564,20047.489,20443.525,22632.724,22581.386,24070.188
CO2 emissions (kt),EN.ATM.CO2E.KT,Lesotho,LSO,1587.811,1635.482,1675.819,1708.822,1738.158,1771.161,1804.164,1826.166,1851.835,1877.504,1906.84,1932.509,1983.847,2013.183,2038.852,2075.522,2126.86,2218.535,2277.207,2332.212,2405.552,2434.888,2467.891
CO2 emissions (kt),EN.ATM.CO2E.KT,Liberia,LBR,282.359,315.362,311.695,326.363,337.364,348.365,374.034,392.369,421.705,491.378,487.711,520.714,616.056,726.066,748.068,667.394,564.718,517.047,792.072,891.081,1026.76,957.087,935.085
CO2 emissions (kt),EN.ATM.CO2E.KT,Libya,LBY,37260.387,38947.207,44132.345,46020.85,44158.014,44975.755,45474.467,44620.056,47113.616,48100.039,47832.348,49167.136,50358.911,52108.07,53270.509,49959.208,56013.425,57978.937,61961.299,39702.609,52683.789,56266.448,56996.181
CO2 emissions (kt),EN.ATM.CO2E.KT,Liechtenstein,LIE,..,..,..,..,..,..,..,..,..,..,..,..,..,..,..,62.339,62.339,51.338,55.005,47.671,47.671,51.338,44.004
CO2 emissions (kt),EN.ATM.CO2E.KT,Lithuania,LTU,22148.68,17495.257,17359.578,16204.473,15731.43,15339.061,16197.139,13692.578,12163.439,12885.838,13142.528,12823.499,13245.204,13901.597,14158.287,15166.712,15009.031,12519.138,13468.891,13787.92,13831.924,12640.149,12838.167
CO2 emissions (kt),EN.ATM.CO2E.KT,Luxembourg,LUX,10571.961,10788.314,10190.593,8316.756,8437.767,7939.055,7356.002,7686.032,8239.749,8800.8,9416.856,9904.567,11268.691,11547.383,11349.365,11019.335,10938.661,10392.278,10967.997,10938.661,10663.636,10051.247,9658.878
CO2 emissions (kt),EN.ATM.CO2E.KT,"Macao SAR, China",MAC,1081.765,1180.774,1272.449,1232.112,1408.128,1488.802,1558.475,1518.138,1631.815,1686.82,1518.138,1532.806,1716.156,1829.833,1620.814,1536.473,1338.455,2071.855,1408.128,1448.465,1312.786,1180.774,1283.45
CO2 emissions (kt),EN.ATM.CO2E.KT,"Macedonia, FYR",MKD,10777.313,10340.94,10469.285,10839.652,11741.734,10634.3,12625.481,11723.399,12064.43,11998.424,10934.994,11309.028,11191.684,11279.692,10938.661,9493.863,9402.188,8698.124,8602.782,9398.521,8965.815,7847.38,7510.016
CO2 emissions (kt),EN.ATM.CO2E.KT,Madagascar,MDG,1004.758,1030.427,1268.782,1265.115,1364.124,1650.15,1738.158,1917.841,1873.837,1741.825,1235.779,1701.488,1807.831,1741.825,1683.153,1815.165,1888.505,1771.161,1958.178,2339.546,2706.246,3116.95,3076.613
CO2 emissions (kt),EN.ATM.CO2E.KT,Malawi,MWI,795.739,891.081,916.75,920.417,913.083,964.421,935.085,942.419,869.079,865.412,850.744,916.75,931.418,876.413,913.083,887.414,1056.096,946.086,1144.104,1180.774,1096.433,1224.778,1276.116
CO2 emissions (kt),EN.ATM.CO2E.KT,Malaysia,MYS,75298.178,91722.671,94010.879,121132.011,125374.73,124821.013,114186.713,107934.478,125734.096,135620.328,133742.824,158256.719,163826.892,174486.861,167702.911,184816.8,204031.88,198876.078,218476.193,220405.035,218707.214,236510.499,242821.406
CO2 emissions (kt),EN.ATM.CO2E.KT,Maldives,MDV,231.021,198.018,198.018,249.356,289.693,330.03,300.694,421.705,451.041,462.042,594.054,506.046,667.394,601.388,759.069,781.071,843.41,883.747,935.085,986.423,1111.101,1092.766,1334.788
CO2 emissions (kt),EN.ATM.CO2E.KT,Mali,MLI,443.707,454.708,462.042,469.376,487.711,524.381,762.736,795.739,821.408,828.742,847.077,843.41,876.413,898.415,942.419,1008.425,1070.764,806.74,964.421,1045.095,993.757,1026.76,1411.795
CO2 emissions (kt),EN.ATM.CO2E.KT,Malta,MLT,2024.184,2651.241,2420.22,2123.193,2240.537,2519.229,2145.195,2346.88,2064.521,2486.226,2299.209,2581.568,2574.234,2698.912,2574.234,2724.581,2559.566,2398.218,2559.566,2541.231,2680.577,2339.546,2346.88
CO2 emissions (kt),EN.ATM.CO2E.KT,Marshall Islands,MHL,55.005,62.339,66.006,66.006,66.006,66.006,69.673,66.006,77.007,80.674,84.341,84.341,88.008,84.341,91.675,99.009,99.009,102.676,102.676,102.676,102.676,102.676,102.676
CO2 emissions (kt),EN.ATM.CO2E.KT,Mauritania,MRT,968.088,982.756,1144.104,1074.431,1114.768,1118.435,1122.102,1147.771,1173.44,1272.449,1349.456,1389.793,1536.473,1587.811,1609.813,1844.501,1936.176,2123.193,2236.87,2394.551,2654.908,2669.576,2709.913
CO2 emissions (kt),EN.ATM.CO2E.KT,Mauritius,MUS,1708.822,1774.828,1624.481,1829.833,1950.844,1998.515,2170.864,2427.554,2691.578,2863.927,2885.929,3061.945,3091.281,3296.633,3630.33,3689.002,3769.676,3711.004,3916.356,3920.023,3967.694,4070.37,4228.051
CO2 emissions (kt),EN.ATM.CO2E.KT,Mexico,MEX,334698.091,339468.858,352780.068,332816.92,346417.823,369769.279,389087.035,391591.596,398382.88,412977.54,414389.335,440208.682,441308.782,466361.726,479251.231,480520.013,493251.837,475950.931,464308.206,484429.035,496324.783,490340.239,480270.657
CO2 emissions (kt),EN.ATM.CO2E.KT,"Micronesia, Fed. Sts.",FSM,99.009,99.009,102.676,106.343,106.343,110.01,117.344,110.01,124.678,168.682,143.013,143.013,143.013,121.011,121.011,139.346,117.344,161.348,113.677,121.011,135.679,143.013,150.347
CO2 emissions (kt),EN.ATM.CO2E.KT,Moldova,MDA,20971.573,15628.754,12090.099,11191.684,11521.714,7099.312,6270.57,4503.076,3512.986,3714.671,3986.029,4290.39,4554.414,4895.445,4994.454,4679.092,4778.101,4550.747,4932.115,5038.458,4924.781,4998.121,4932.115
CO2 emissions (kt),EN.ATM.CO2E.KT,Monaco,MCO,..,..,..,..,..,..,..,..,..,..,..,..,..,..,..,..,..,..,..,..,..,..,..
CO2 emissions (kt),EN.ATM.CO2E.KT,Mongolia,MNG,11019.335,9284.844,7946.389,7920.72,8041.731,7708.034,7708.034,7554.02,7506.349,7884.05,8287.42,8034.397,8551.444,8562.445,9394.854,12064.43,12038.761,13102.191,13820.923,21499.621,26226.384,38752.856,20839.561
CO2 emissions (kt),EN.ATM.CO2E.KT,Montenegro,MNE,..,..,..,..,..,..,..,..,..,..,..,..,..,2057.187,2383.55,2251.538,2750.25,1826.166,2581.568,2570.567,2335.879,2247.871,2211.201
CO2 emissions (kt),EN.ATM.CO2E.KT,Morocco,MAR,26039.367,28217.565,29640.361,30373.761,31195.169,31862.563,32038.579,33153.347,33905.082,37715.095,38254.144,37561.081,43310.937,45771.494,47425.311,50267.236,52900.142,52482.104,55958.42,57685.577,62731.369,59082.704,59863.775
CO2 emissions (kt),EN.ATM.CO2E.KT,Mozambique,MOZ,1004.758,1078.098,1063.43,1114.768,1041.428,1125.769,1133.103,1188.108,1349.456,1580.477,1587.811,1917.841,1921.508,1822.499,1980.18,2262.539,2266.206,2530.23,2735.582,3223.293,3120.617,4019.032,8426.766
CO2 emissions (kt),EN.ATM.CO2E.KT,Myanmar,MMR,4888.111,5342.819,6244.901,6959.966,7256.993,7499.015,8078.401,8969.482,10087.917,8723.793,9207.837,9845.895,12434.797,11598.721,12849.168,12874.837,9801.891,10230.93,12515.471,14297.633,11070.673,12860.169,21631.633
CO2 emissions (kt),EN.ATM.CO2E.KT,Namibia,NAM,1151.438,1389.793,1584.144,1631.815,1749.159,1796.83,1906.84,1664.818,1642.816,2016.85,1760.16,1873.837,1961.845,2310.21,2332.212,2361.548,3325.969,3069.279,3102.282,2830.924,3384.641,2629.239,3755.008
CO2 emissions (kt),EN.ATM.CO2E.KT,Nauru,NRU,121.011,113.677,110.01,106.343,102.676,102.676,99.009,91.675,84.341,80.674,77.007,66.006,66.006,62.339,44.004,44.004,44.004,40.337,44.004,40.337,40.337,44.004,47.671
CO2 emissions (kt),EN.ATM.CO2E.KT,Nepal,NPL,1331.121,1466.8,1697.821,2035.185,2486.226,2783.253,2251.538,3219.626,3069.279,3267.297,2625.572,2841.925,2669.576,3083.947,2563.233,2614.571,3421.311,4334.394,5056.793,5533.503,5856.199,6637.27,8030.73
CO2 emissions (kt),EN.ATM.CO2E.KT,Netherlands,NLD,162224.413,164802.314,165323.028,178634.238,185847.227,178311.542,178439.887,173665.453,173504.105,176793.404,181663.18,182205.896,184835.135,181479.83,179638.996,176690.728,177020.758,172371.002,183052.973,174167.832,170310.148,173254.749,167303.208
CO2 emissions (kt),EN.ATM.CO2E.KT,New Caledonia,NCL,1584.144,1837.167,1980.18,2075.522,2196.533,1829.833,1811.498,2057.187,2233.203,1888.505,2405.552,2739.249,2530.23,2823.59,2720.914,2944.601,2867.594,2973.937,3542.322,3648.665,3630.33,4242.719,4290.39
CO2 emissions (kt),EN.ATM.CO2E.KT,New Zealand,NZL,25082.28,26688.426,26681.092,27132.133,28642.937,31022.82,30029.063,32639.967,32980.998,34447.798,33201.018,34081.098,34554.141,34139.77,33446.707,33637.391,34202.109,32386.944,31781.889,31503.197,34150.771,33457.708,34664.151
CO2 emissions (kt),EN.ATM.CO2E.KT,Nicaragua,NIC,2394.551,2302.876,2541.231,2779.586,2874.928,3142.619,3421.311,3626.663,3762.342,3964.027,4037.367,4411.401,4426.069,4319.726,4466.406,4605.752,4422.402,4495.742,4536.079,4880.777,4620.42,4550.747,4862.442
CO2 emissions (kt),EN.ATM.CO2E.KT,Niger,NER,700.397,781.071,773.737,810.407,902.082,909.416,957.087,953.42,696.73,656.393,700.397,759.069,814.074,715.065,693.063,722.399,810.407,968.088,1173.44,1327.454,1866.503,1939.843,2126.86
CO2 emissions (kt),EN.ATM.CO2E.KT,Nigeria,NGA,46614.904,45137.103,35199.533,35841.258,39665.939,42328.181,37869.109,40285.662,76057.247,85734.46,93677.182,101616.237,104304.148,106067.975,98891.656,95055.974,96148.74,76735.642,91517.319,95694.032,98502.954,98136.254,96280.752
CO2 emissions (kt),EN.ATM.CO2E.KT,Northern Mariana Islands,MNP,..,..,..,..,..,..,..,..,..,..,..,..,..,..,..,..,..,..,..,..,..,..,..
CO2 emissions (kt),EN.ATM.CO2E.KT,Norway,NOR,32009.243,35148.195,33905.082,33439.373,33366.033,36101.615,37777.434,40681.698,39673.273,41910.143,38023.123,45221.444,42647.21,42438.191,44257.023,45089.432,55690.729,55346.031,60105.797,45195.775,49889.535,58162.287,47626.996
CO2 emissions (kt),EN.ATM.CO2E.KT,Oman,OMN,12079.098,13457.89,15306.058,15896.445,15104.373,15485.741,16560.172,20707.549,21895.657,20285.844,25470.982,32390.611,27986.544,29893.384,39603.6,43695.972,42705.882,41103.403,47417.977,54029.578,59159.711,61378.246,61169.227
CO2 emissions (kt),EN.ATM.CO2E.KT,Pakistan,PAK,72789.95,78008.091,84839.712,84484.013,94447.252,94711.276,97663.211,100384.125,106449.343,108282.843,114084.037,118895.141,131601.296,136636.087,146074.945,158894.777,159070.793,158836.105,161395.671,161956.722,163496.862,164325.604,166298.45
CO2 emissions (kt),EN.ATM.CO2E.KT,Palau,PLW,234.688,234.688,234.688,234.688,234.688,238.355,238.355,242.022,249.356,253.023,249.356,253.023,253.023,260.357,264.024,260.357,253.023,245.689,253.023,253.023,253.023,256.69,260.357
CO2 emissions (kt),EN.ATM.CO2E.KT,Panama,PAN,4246.386,3942.025,4338.061,2984.938,4624.087,5647.18,5947.874,5669.182,5790.193,7007.637,5870.867,6153.226,5804.861,6838.955,7370.67,7198.321,7374.337,8599.115,9163.833,10098.918,10113.586,10718.641,8800.8
CO2 emissions (kt),EN.ATM.CO2E.KT,Papua New Guinea,PNG,2053.52,1994.848,2181.865,2060.854,2189.199,2577.901,2863.927,2445.889,2665.909,3208.625,3487.317,3945.692,4488.408,4385.732,4308.725,6120.223,4796.436,5093.463,4763.433,5328.151,5078.795,6186.229,6318.241
CO2 emissions (kt),EN.ATM.CO2E.KT,Paraguay,PRY,2530.23,2867.594,3432.312,3964.027,3751.341,4195.048,4503.076,4503.076,3689.002,3821.014,3898.021,4070.37,4088.705,3832.015,3986.029,4136.376,4451.738,4561.748,5097.13,5320.817,5284.147,5434.494,5702.185
CO2 emissions (kt),EN.ATM.CO2E.KT,Peru,PER,20425.19,23615.48,23289.117,23883.171,24389.217,27476.831,27806.861,29358.002,30296.754,27165.136,27187.138,26380.398,31895.566,37135.709,34876.837,42955.238,41015.395,51704.7,57593.902,49632.845,55071.006,57153.862,61744.946
CO2 emissions (kt),EN.ATM.CO2E.KT,Philippines,PHL,48752.765,49482.498,54799.648,60710.852,62162.984,71158.135,69240.294,69159.62,73306.997,71051.792,71337.818,71425.826,74066.066,74832.469,67692.82,72170.227,78858.835,77568.051,84869.048,85496.105,91205.624,98128.92,105653.604
CO2 emissions (kt),EN.ATM.CO2E.KT,Poland,POL,354745.58,353253.111,333972.025,344213.956,355754.005,349523.772,325431.582,315721.366,299289.539,301284.387,294834.134,302252.475,304416.005,302538.501,318940.992,314272.901,314848.62,297617.387,316264.082,316997.482,299931.264,302278.144,285739.974
CO2 emissions (kt),EN.ATM.CO2E.KT,Portugal,PRT,48279.722,46926.599,47659.999,51869.715,50586.265,53072.491,57817.589,64425.523,62731.369,62757.038,66790.738,61216.898,63145.74,65279.934,59816.104,60149.801,55624.723,54176.258,48136.709,47623.329,46013.516,45426.796,45052.762
CO2 emissions (kt),EN.ATM.CO2E.KT,Puerto Rico,PRI,..,..,..,..,..,..,..,..,..,..,..,..,..,..,..,..,..,..,..,..,..,..,..
CO2 emissions (kt),EN.ATM.CO2E.KT,Qatar,QAT,26802.103,30722.126,30223.414,31789.223,32298.936,37495.075,32401.612,31407.855,34730.157,41396.763,40905.385,41521.441,42944.237,50956.632,63475.77,63277.752,64843.561,69221.959,72507.591,80435.645,94124.556,85023.062,107853.804
CO2 emissions (kt),EN.ATM.CO2E.KT,Romania,ROU,128645.694,125297.723,119140.83,126049.458,125407.733,112624.571,99830.408,89742.491,90681.243,96632.784,97237.839,101062.52,96904.142,96456.768,103350.728,102224.959,96365.093,81576.082,79412.552,84880.049,81722.762,70945.449,70003.03
CO2 emissions (kt),EN.ATM.CO2E.KT,Russian Federation,RUS,2078668.286,1938445.873,1698378.384,1631473.969,1612966.62,1526011.049,1495505.276,1531130.181,1557899.281,1557506.912,1557085.207,1604242.827,1602115.967,1615089.813,1669262.404,1666886.188,1714978.893,1574045.082,1670531.186,1763405.295,1830830.424,1778561.006,1705345.684
CO2 emissions (kt),EN.ATM.CO2E.KT,Rwanda,RWA,487.711,495.045,473.043,462.042,480.377,498.712,487.711,509.713,528.048,531.715,531.715,520.714,528.048,528.048,528.048,557.384,542.716,575.719,590.387,663.727,737.067,803.073,839.743
CO2 emissions (kt),EN.ATM.CO2E.KT,Samoa,WSM,110.01,110.01,113.677,117.344,124.678,128.345,132.012,135.679,143.013,146.68,146.68,154.014,150.347,161.348,165.015,172.349,179.683,187.017,187.017,201.685,198.018,198.018,198.018
CO2 emissions (kt),EN.ATM.CO2E.KT,San Marino,SMR,..,..,..,..,..,..,..,..,..,..,..,..,..,..,..,..,..,..,..,..,..,..,..
CO2 emissions (kt),EN.ATM.CO2E.KT,Sao Tome and Principe,STP,47.671,47.671,47.671,47.671,47.671,47.671,47.671,47.671,47.671,51.338,58.672,66.006,73.34,77.007,84.341,84.341,84.341,91.675,99.009,102.676,113.677,113.677,113.677
CO2 emissions (kt),EN.ATM.CO2E.KT,Saudi Arabia,SAU,285534.622,313818.193,307961.994,235161.043,258750.854,216239.323,207680.545,226459.252,296935.325,297214.017,326407.004,327272.416,395834.315,397642.146,432739.003,387777.916,430175.77,468965.296,518491.798,499878.106,564842.678,541047.515,601046.969
CO2 emissions (kt),EN.ATM.CO2E.KT,Senegal,SEN,3479.983,3593.66,3901.688,3494.651,3740.34,3263.63,3428.645,3700.003,3938.358,4330.727,4510.41,4976.119,5232.809,5812.195,4730.43,5181.471,5093.463,4583.75,7744.704,8368.094,7913.386,8423.099,8855.805
CO2 emissions (kt),EN.ATM.CO2E.KT,Serbia,SRB,..,..,..,..,..,..,..,..,..,..,..,..,..,..,54007.576,52456.435,52097.069,46182.198,45954.844,49218.474,44062.672,44884.08,37667.424
CO2 emissions (kt),EN.ATM.CO2E.KT,Seychelles,SYC,172.349,183.35,201.685,198.018,234.688,341.031,432.706,509.713,572.052,634.391,539.049,550.05,737.067,689.396,733.4,641.725,693.063,524.381,443.707,341.031,440.04,403.37,495.045
CO2 emissions (kt),EN.ATM.CO2E.KT,Sierra Leone,SLE,447.374,447.374,513.38,399.703,473.043,443.707,414.371,366.7,425.372,568.385,608.722,652.726,641.725,546.383,733.4,641.725,663.727,652.726,726.066,898.415,1030.427,1191.775,1309.119
CO2 emissions (kt),EN.ATM.CO2E.KT,Singapore,SGP,48426.402,51187.653,61682.607,42174.167,49698.851,58429.978,48617.086,50069.218,49005.788,49541.17,47230.96,31132.83,28474.255,30359.093,30799.133,19926.478,36134.618,55932.751,55643.058,45221.444,36372.973,55676.061,56372.791
CO2 emissions (kt),EN.ATM.CO2E.KT,Sint Maarten (Dutch part),SXM,..,..,..,..,..,..,..,..,..,..,..,..,..,..,..,..,..,..,..,..,696.73,715.065,733.4
CO2 emissions (kt),EN.ATM.CO2E.KT,Slovak Republic,SVK,44183.683,42881.898,40421.341,42115.495,41312.422,41048.398,40480.013,39240.567,35885.262,39357.911,39251.568,39493.59,38749.189,39357.911,39104.888,36780.01,37711.428,34037.094,36240.961,34524.805,32764.645,33091.008,30678.122
CO2 emissions (kt),EN.ATM.CO2E.KT,Slovenia,SVN,12478.801,13164.53,13340.546,14403.976,14954.026,15859.775,15192.381,15236.385,14396.642,15163.045,15419.735,15511.41,15746.098,15867.109,16244.81,16244.81,17355.911,15280.389,15335.394,15089.705,14781.677,14150.953,12812.498
CO2 emissions (kt),EN.ATM.CO2E.KT,Solomon Islands,SLB,143.013,143.013,139.346,143.013,143.013,143.013,143.013,150.347,150.347,157.681,157.681,161.348,161.348,161.348,165.015,179.683,187.017,194.351,198.018,198.018,198.018,201.685,201.685
CO2 emissions (kt),EN.ATM.CO2E.KT,Somalia,SOM,682.062,641.725,630.724,590.387,568.385,539.049,513.38,491.378,480.377,502.379,586.72,594.054,594.054,594.054,594.054,608.722,601.388,597.721,612.389,605.055,608.722,608.722,608.722
CO2 emissions (kt),EN.ATM.CO2E.KT,South Africa,ZAF,301687.757,321049.517,339168.164,362259.263,364400.791,386131.433,377726.669,375236.776,378665.421,372042.819,356637.752,404459.099,450186.589,416915.898,447894.714,466578.079,496772.157,503112.4,474099.096,470582.443,468770.945,466376.394,489771.854
CO2 emissions (kt),EN.ATM.CO2E.KT,South Sudan,SSD,..,..,..,..,..,..,..,..,..,..,..,..,..,..,..,..,..,..,..,..,1331.121,1448.465,1496.136
CO2 emissions (kt),EN.ATM.CO2E.KT,Spain,ESP,233921.597,219253.597,233404.55,241611.296,233305.541,252073.247,261541.441,282355.333,294434.431,297830.073,314518.59,321097.188,339428.521,353462.13,350037.152,358236.564,329285.599,288237.201,270910.626,270547.593,264779.402,237034.88,233976.602
CO2 emissions (kt),EN.ATM.CO2E.KT,Sri Lanka,LKA,5185.138,5042.125,5526.169,5903.87,7062.642,7616.359,7825.378,8617.45,10238.264,10443.616,11056.005,11078.007,12299.118,12101.1,11976.422,12354.123,12207.443,13175.531,13263.539,15137.376,16032.124,15489.408,18393.672
CO2 emissions (kt),EN.ATM.CO2E.KT,St. Kitts and Nevis,KNA,110.01,113.677,121.011,128.345,132.012,143.013,150.347,161.348,172.349,176.016,198.018,198.018,212.686,198.018,201.685,216.353,216.353,223.687,220.02,231.021,220.02,223.687,231.021
CO2 emissions (kt),EN.ATM.CO2E.KT,St. Lucia,LCA,201.685,223.687,260.357,311.695,326.363,308.028,308.028,319.029,330.03,363.033,326.363,359.366,355.699,366.7,366.7,385.035,396.036,385.035,403.37,407.037,407.037,407.037,407.037
CO2 emissions (kt),EN.ATM.CO2E.KT,St. Martin (French part),MAF,..,..,..,..,..,..,..,..,..,..,..,..,..,..,..,..,..,..,..,..,..,..,..
CO2 emissions (kt),EN.ATM.CO2E.KT,St. Vincent and the Grenadines,VCT,84.341,102.676,121.011,128.345,132.012,132.012,161.348,165.015,146.68,179.683,187.017,198.018,220.02,220.02,220.02,227.354,227.354,311.695,220.02,198.018,253.023,209.019,209.019
CO2 emissions (kt),EN.ATM.CO2E.KT,Sudan,SDN,4378.398,3021.608,4147.377,4297.724,4433.403,5419.826,4697.427,5093.463,5533.503,6369.579,8118.738,9072.158,11463.042,10982.665,12013.092,14125.284,14913.689,15562.748,15940.449,15658.09,14642.331,15474.74,15364.73
CO2 emissions (kt),EN.ATM.CO2E.KT,Suriname,SUR,2068.188,2042.519,2046.186,2064.521,2086.523,2108.525,2108.525,2126.86,2196.533,2368.882,1565.809,1543.807,1562.142,1595.145,1745.492,1763.827,1943.51,2002.182,2401.885,1969.179,2258.872,1917.841,1991.181
CO2 emissions (kt),EN.ATM.CO2E.KT,Sweden,SWE,51026.305,51756.038,54894.99,55155.347,55910.749,52148.407,52977.149,51106.979,49350.486,51125.314,57425.22,54781.313,54520.956,51561.687,49570.506,48059.702,49123.132,43065.248,52023.729,51734.036,47047.61,44847.41,43420.947
CO2 emissions (kt),EN.ATM.CO2E.KT,Switzerland,CHE,42793.89,40751.371,41323.423,39225.899,39885.959,41466.436,41704.791,40692.699,39049.883,42944.237,40696.366,40175.652,40366.336,41338.091,41851.471,37986.453,40403.006,41646.119,38994.878,36967.027,37773.767,40226.99,35305.876
CO2 emissions (kt),EN.ATM.CO2E.KT,Syrian Arab Republic,SYR,42918.568,45665.151,46647.907,41664.454,42804.891,40960.39,50274.57,52372.094,51040.973,48778.434,39064.551,54275.267,51103.312,50626.602,53582.204,66468.042,67681.819,62331.666,61605.6,56908.173,44730.066,36438.979,30703.791
CO2 emissions (kt),EN.ATM.CO2E.KT,Tajikistan,TJK,7315.665,5177.804,2357.881,2449.556,2827.257,2152.529,2497.227,2519.229,2236.87,2291.875,1881.171,2075.522,2563.233,2442.222,2658.575,3234.294,2904.264,2453.223,2544.898,2350.547,2933.6,3479.983,5188.805
CO2 emissions (kt),EN.ATM.CO2E.KT,Tanzania,TZA,2324.878,2596.236,2405.552,3553.323,3461.648,2882.262,2555.899,2537.564,2651.241,3127.951,3589.993,3806.346,4363.73,5504.167,6028.548,5896.536,6142.225,5918.538,7106.646,8093.069,9545.201,11177.016,11562.051
CO2 emissions (kt),EN.ATM.CO2E.KT,Thailand,THA,109778.979,124949.358,139158.983,161153.649,180255.052,185916.9,164347.606,176126.01,181270.811,194600.356,208322.27,224574.414,243188.106,247467.495,252047.578,252447.281,252443.614,267602.992,281926.294,278317.966,296597.961,300088.945,316212.744
CO2 emissions (kt),EN.ATM.CO2E.KT,Timor-Leste,TLS,..,..,..,..,..,..,..,..,..,..,161.348,161.348,176.016,176.016,179.683,183.35,201.685,227.354,234.688,245.689,293.36,440.04,469.376
CO2 emissions (kt),EN.ATM.CO2E.KT,Togo,TGO,836.076,865.412,832.409,953.42,1059.763,986.423,1166.106,1536.473,1360.457,1162.439,1232.112,1463.133,1397.127,1338.455,1221.111,1408.128,1683.153,2783.253,2640.24,2464.224,2486.226,2658.575,2621.905
CO2 emissions (kt),EN.ATM.CO2E.KT,Tonga,TON,69.673,84.341,91.675,95.342,77.007,99.009,88.008,110.01,95.342,88.008,102.676,117.344,110.01,113.677,128.345,113.677,121.011,132.012,117.344,102.676,106.343,113.677,121.011
CO2 emissions (kt),EN.ATM.CO2E.KT,Trinidad and Tobago,TTO,19152.741,17971.967,17440.252,17022.214,20590.205,18393.672,19123.405,22544.716,23839.167,26354.729,28620.935,31987.241,33432.039,38151.468,42676.546,45474.467,44385.368,44895.081,47935.024,46933.933,45419.462,46541.564,46273.873
CO2 emissions (kt),EN.ATM.CO2E.KT,Tunisia,TUN,15023.699,16501.5,15940.449,15735.097,16758.19,16945.207,18001.303,18331.333,19922.811,20817.559,20861.563,21246.598,22299.027,22662.06,22992.09,24110.525,24825.59,24788.92,27660.181,26021.032,27003.788,27667.515,28829.954
CO2 emissions (kt),EN.ATM.CO2E.KT,Turkey,TUR,153108.251,159136.799,156848.591,171974.966,188205.108,198535.047,200614.236,196771.22,216151.315,194552.685,205685.697,218523.864,225421.491,237390.579,261614.781,284658.209,283979.814,277844.923,298002.422,320840.498,329560.624,324771.522,345981.45
CO2 emissions (kt),EN.ATM.CO2E.KT,Turkmenistan,TKM,33028.669,28316.574,33534.715,34000.424,30670.788,30623.117,32093.584,37678.425,37539.079,38074.461,39966.633,44601.721,46541.564,48338.394,49511.834,56042.761,56831.166,50340.576,57289.541,62467.345,64872.897,66735.733,68422.553
CO2 emissions (kt),EN.ATM.CO2E.KT,Turks and Caicos Islands,TCA,33.003,40.337,44.004,47.671,47.671,55.005,58.672,66.006,69.673,73.34,99.009,102.676,102.676,121.011,143.013,165.015,179.683,179.683,190.684,190.684,198.018,198.018,205.352
CO2 emissions (kt),EN.ATM.CO2E.KT,Tuvalu,TUV,7.334,7.334,7.334,7.334,7.334,7.334,7.334,7.334,7.334,7.334,11.001,11.001,11.001,11.001,7.334,11.001,11.001,11.001,7.334,7.334,11.001,11.001,11.001
CO2 emissions (kt),EN.ATM.CO2E.KT,Uganda,UGA,788.405,781.071,707.731,938.752,1059.763,1107.434,1265.115,1312.786,1430.13,1510.804,1558.475,1598.812,1738.158,2170.864,2537.564,2889.596,3190.29,3380.974,3920.023,4264.721,4070.37,4869.776,5229.142
CO2 emissions (kt),EN.ATM.CO2E.KT,Ukraine,UKR,630929.352,539335.026,441767.157,445943.87,412335.815,341196.015,328636.54,332549.229,320902.837,321775.583,318687.969,352431.703,343396.215,333876.683,326429.006,321258.536,311023.939,260100.31,304643.359,286392.7,295791.221,271875.047,227298.995
CO2 emissions (kt),EN.ATM.CO2E.KT,United Arab Emirates,ARE,58136.618,65980.331,73130.981,70641.088,41059.399,41646.119,81495.408,78374.791,112562.232,101414.552,84704.033,106841.712,113240.627,116148.558,123874.927,135627.662,157354.637,167959.601,160812.618,165440.372,176386.367,170706.184,211369.547
CO2 emissions (kt),EN.ATM.CO2E.KT,United Kingdom,GBR,556280.233,545711.939,546738.699,538117.582,551436.126,527343.936,531905.684,530937.596,541784.582,545862.286,528642.054,540006.087,539239.684,542580.321,541458.219,528425.701,520688.331,471719.213,493207.833,447828.708,468572.927,458250.322,419820.162
CO2 emissions (kt),EN.ATM.CO2E.KT,United States,USA,4909533.614,5028674.444,5094354.081,5132919.92,5252112.088,5368715.354,5401010.623,5504669.379,5693684.894,5595794.329,5641309.133,5675701.926,5756075.232,5789727.291,5697285.888,5789030.561,5614110.994,5263505.457,5395532.125,5289680.503,5119436.361,5159160.972,5254279.285
CO2 emissions (kt),EN.ATM.CO2E.KT,Uruguay,URY,5170.47,4466.406,4066.703,4591.084,5441.828,5555.505,5687.517,6725.278,5306.149,5089.796,4620.42,4598.418,5610.51,5775.525,6648.271,6002.879,8265.418,8060.066,6387.914,7763.039,8694.457,7587.023,6747.28
CO2 emissions (kt),EN.ATM.CO2E.KT,Uzbekistan,UZB,111806.83,116232.899,108664.211,103435.069,106170.651,107234.081,119144.497,123035.184,121828.741,123453.222,128348.667,127142.224,126214.473,117248.658,120288.601,120200.593,123900.596,107131.405,104168.469,113684.334,115814.861,103354.395,105213.564
CO2 emissions (kt),EN.ATM.CO2E.KT,Vanuatu,VUT,62.339,62.339,62.339,66.006,84.341,84.341,80.674,84.341,84.341,88.008,84.341,84.341,58.672,58.672,47.671,99.009,95.342,121.011,121.011,132.012,113.677,106.343,154.014
CO2 emissions (kt),EN.ATM.CO2E.KT,"Venezuela, RB",VEN,105972.633,124391.974,129965.814,133350.455,122804.163,133988.513,167339.878,173122.737,152422.522,172587.355,193316.906,192103.129,151733.126,165095.674,169514.409,160786.949,179114.615,179789.343,189070.52,176822.74,198766.068,183922.052,185220.17
CO2 emissions (kt),EN.ATM.CO2E.KT,Vietnam,VNM,21477.619,23006.758,26230.051,29090.311,34667.818,45100.433,47513.319,47693.002,53644.543,61139.891,70806.103,78767.16,90549.231,98143.588,102745.673,104872.533,117993.059,128634.693,142737.975,152169.499,142220.928,147230.05,166910.839
CO2 emissions (kt),EN.ATM.CO2E.KT,Virgin Islands (U.S.),VIR,..,..,..,..,..,..,..,..,..,..,..,..,..,..,..,..,..,..,..,..,..,..,..
CO2 emissions (kt),EN.ATM.CO2E.KT,West Bank and Gaza,PSE,..,..,..,..,..,396.036,601.388,649.059,792.072,1349.456,1155.105,1279.783,1866.503,2742.916,2266.206,2324.878,2053.52,2090.19,2035.185,2247.871,2200.2,2438.555,..
CO2 emissions (kt),EN.ATM.CO2E.KT,"Yemen, Rep.",YEM,9952.238,8705.458,9064.824,10465.618,10637.967,13358.881,12200.109,13894.263,14642.331,16208.14,15764.433,17304.573,18881.383,20043.822,21316.271,20971.573,22339.364,24561.566,23432.13,19666.121,18668.697,25496.651,22698.73
CO2 emissions (kt),EN.ATM.CO2E.KT,Zambia,ZMB,2456.89,2500.894,2420.22,2170.864,1870.17,2390.884,2313.877,1807.831,1822.499,1906.84,1983.847,2112.192,2145.195,2288.208,2291.875,1928.842,2170.864,2508.228,2691.578,2937.267,3667,3956.693,4503.076
CO2 emissions (kt),EN.ATM.CO2E.KT,Zimbabwe,ZWE,17011.213,16362.154,17795.951,15130.042,14994.363,14407.643,14253.629,15834.106,13923.599,12596.145,11965.421,10656.302,9486.529,10769.979,10447.283,9886.232,7770.373,5603.176,7777.707,9563.536,7792.375,11675.728,12020.426
,,,,,,,,,,,,,,,,,,,,,,,,,,
,,,,,,,,,,,,,,,,,,,,,,,,,,
,,,,,,,,,,,,,,,,,,,,,,,,,,
Data from database: Millennium Development Goals,,,,,,,,,,,,,,,,,,,,,,,,,,
Last Updated: 09/19/2018,,,,,,,,,,,,,,,,,,,,,,,,,,
